{"loss": [1.4105323553085327, 0.449541300535202, 0.26417917013168335, 0.17884580790996552, 0.1320704072713852, 0.10372260957956314, 0.08806650340557098, 0.07005024701356888, 0.06248881667852402, 0.055234260857105255], "accuracy": [0.5845934748649597, 0.8580268621444702, 0.9142897725105286, 0.9408634901046753, 0.9565829634666443, 0.9656305313110352, 0.9716907143592834, 0.9767550826072693, 0.9799559116363525, 0.981492280960083], "val_loss": [0.5578755736351013, 0.3169862926006317, 0.19522929191589355, 0.19593507051467896, 0.17541268467903137, 0.1441739797592163, 0.10652264952659607, 0.13798688352108002, 0.11060288548469543, 0.11334419995546341], "val_accuracy": [0.8166401386260986, 0.89597088098526, 0.935920774936676, 0.9368312954902649, 0.9466196298599243, 0.9558388590812683, 0.967277467250824, 0.9618142247200012, 0.9646596908569336, 0.9669360518455505]}