{"loss": [1.3019975423812866, 0.41613319516181946, 0.2519588768482208, 0.17583373188972473, 0.12870892882347107, 0.10462085902690887, 0.08705994486808777, 0.07281240820884705, 0.06506188958883286, 0.05241990089416504], "accuracy": [0.6150935292243958, 0.8683690428733826, 0.9184010028839111, 0.9425421357154846, 0.9574649930000305, 0.9661284685134888, 0.9717760682106018, 0.9762429594993591, 0.979173481464386, 0.9827725887298584], "val_loss": [0.4354036748409271, 0.27367234230041504, 0.20513544976711273, 0.17014992237091064, 0.16204576194286346, 0.14550749957561493, 0.17173413932323456, 0.15100060403347015, 0.12077633291482925, 0.12097016721963882], "val_accuracy": [0.8630207180976868, 0.9131003618240356, 0.9368882179260254, 0.9454814195632935, 0.9515706896781921, 0.954245388507843, 0.947302520275116, 0.954643726348877, 0.9638060331344604, 0.9651718735694885]}