{"accuracy": [0.6076961159706116, 0.8595917224884033, 0.9145458340644836, 0.9385162591934204, 0.9545913934707642, 0.9653176069259644, 0.971278190612793, 0.9750195741653442, 0.9782488346099854, 0.9806671738624573], "loss": [1.3420906066894531, 0.44749268889427185, 0.26546913385391235, 0.18865129351615906, 0.1403239369392395, 0.10521526634693146, 0.08759187906980515, 0.0764329805970192, 0.06704390794038773, 0.0606149397790432], "val_accuracy": [0.8251764178276062, 0.8972228765487671, 0.9187343716621399, 0.9330753684043884, 0.9552697539329529, 0.9516844749450684, 0.957773745059967, 0.9636353254318237, 0.948668360710144, 0.9659116864204407], "val_loss": [0.5419501662254333, 0.3213578760623932, 0.25391000509262085, 0.20851516723632812, 0.13908153772354126, 0.1520649790763855, 0.1420564502477646, 0.1212274357676506, 0.16249331831932068, 0.11555738002061844]}